{
  "Name": "Trig Functions Test 4",
  "LoopLines":7,
  "RunDevice": 69,
  "Devices": [ {"Type":"StructureCircuitHousing", "ReferenceId": 69 } ],
  "Expected": {
    "Stack": {},
    "Fields": {"69":{
      "Activate": 0,
      "Error": 0,
      "LineNumber": 7,
      "On": 1,
      "Power": 1,
        "RequiredPower": 0,
        "Setting": 0
      }
    },
    "Registery": {
      "r0": "NaN",
      "r1": "NaN",
      "r2": 1.0000002655874245,
      "r3": 1.0000002655875337,
      "r4": 0.8414709848078965,
      "r5": 0.5403023058681398,
      "r6": 0.6483608274590866,
      "r7": 0,
      "r8": 0,
      "r9": 0,
      "r10": 0,
      "r11": 0,
      "r12": 0,
      "r13": 0,
      "r14": 0,
      "r15": 0,
      "r16": 0,
      "r17": 0
    },
    "Alias": { "sp": "r16", "ra": "r17"},
    "PinAlias":{},
    "Constant": {}
  }
}
